id,place_name,description,category,city,province,price,rating,coordinate,lat,long,metadata,dir
1,Pantai Segara Ayu,"Objek Wisata Pantai Segara Ayu di Sanur Denpasar Bali adalah salah satu tempat wisata yang berada di Jl. Segara Ayu, Desa Sanur Kaja, Kecamatan Denpasar Selatan, Kota Denpasar, Bali, Indonesia. Objek Wisata Pantai Segara Ayu di Sanur Denpasar Bali adalah tempat wisata yang ramai dengan wisatawan pada hari biasa maupun hari liburan. Tempat ini sangat indah dan bisa memberikan sensasi yang berbeda dengan aktivitas kita sehari hari. Objek Wisata Pantai Segara Ayu di Sanur Denpasar Bali memiliki pesona keindahan yang sangat menarik untuk dikunjungi. Sangat di sayangkan jika anda berada di kota Denpasar tidak mengunjungi Objek Wisata Pantai Segara Ayu di Sanur Denpasar Bali yang mempunyai keindahan yang tiada duanya tersebut.",Alam,Denpasar,Bali,2000,4.5,"{'lat': -868.246,'lng': 1.152.643}",-868.2460,1.152.643,"pantai segara ayu alam objek wisata pantai segara ayu di sanur denpasar bali adalah salah satu tempat wisata yang berada di jl. segara ayu, desa sanur kaja, kecamatan denpasar selatan, kota denpasar, bali, indonesia. objek wisata pantai segara ayu di sanur denpasar bali adalah tempat wisata yang ramai dengan wisatawan pada hari biasa maupun hari liburan. tempat ini sangat indah dan bisa memberikan sensasi yang berbeda dengan aktivitas kita sehari hari. objek wisata pantai segara ayu di sanur denpasar bali memiliki pesona keindahan yang sangat menarik untuk dikunjungi. sangat di sayangkan jika anda berada di kota denpasar tidak mengunjungi objek wisata pantai segara ayu di sanur denpasar bali yang mempunyai keindahan yang tiada duanya tersebut. denpasar",images/bali/image_1
2,Pantai Karang,"Pantai Karang Sanur memiliki pantai berpasir putih yang luas dengan air laut yang tenang serta ombak yang kecil sehingga sesuai untuk tempat rekreasi keluarga. Wisatawan disini bisa beraktifitas berenang, menyewa kano, memancing, bersanatai menikmati keindahan panoramanya. Pantai ini dinamakan pantai Karang karena banyak terdapat batu karang. Tempat wisata ini banyak pohon perindang sehingga dapat digunakan wisatawan pada siang hari menikmati keindahan pantai ini. Pada pagi hari bisa menyaksikan keindahan saat matahari terbit yang begitu memukau.",Alam,Denpasar,Bali,20000,4.6,"{'lat': -869.374,'lng': 1.152.664}",-869.3740,1.152.664,"pantai karang alam pantai karang sanur memiliki pantai berpasir putih yang luas dengan air laut yang tenang serta ombak yang kecil sehingga sesuai untuk tempat rekreasi keluarga. wisatawan disini bisa beraktifitas berenang, menyewa kano, memancing, bersanatai menikmati keindahan panoramanya. pantai ini dinamakan pantai karang karena banyak terdapat batu karang. tempat wisata ini banyak pohon perindang sehingga dapat digunakan wisatawan pada siang hari menikmati keindahan pantai ini. pada pagi hari bisa menyaksikan keindahan saat matahari terbit yang begitu memukau. denpasar",images/bali/image_2
3,Pantai Semawang,"Pesona alam indah dan menarik objek wisata pantai Semawang ini melengkapi daftar tempat rekreasi alam pesisir di kawasan Sanur yang merupakan wilayah pariwisata di kota Denpasar. Pulau Dewata Bali dikelilingi oleh lautan, sehingga tidak mengherankan pulau kecil ini memiliki banyak alam pesisir cantik dan tidak bisa dipungkiri daya tarik wisatawan datang liburan ke Bali sebagian besar karena daya tari objek wisata pantai yang ditawarkan.",Alam,Denpasar,Bali,0,4.4,"{'lat': -870.713,'lng': 1.152.627}",-870.7130,1.152.627,"pantai semawang alam pesona alam indah dan menarik objek wisata pantai semawang ini melengkapi daftar tempat rekreasi alam pesisir di kawasan sanur yang merupakan wilayah pariwisata di kota denpasar. pulau dewata bali dikelilingi oleh lautan, sehingga tidak mengherankan pulau kecil ini memiliki banyak alam pesisir cantik dan tidak bisa dipungkiri daya tarik wisatawan datang liburan ke bali sebagian besar karena daya tari objek wisata pantai yang ditawarkan. denpasar",images/bali/image_3
4,Pantai Matahari Terbit,"Keindahan alam di Sanur sebagai destinasi pariwisata di Bali tetap memiliki daya tarik tersendiri bagi para wisatawan baik asing dan mancanegara. Sanur memiliki kawasan pantai yang sempurna menghadap ke arah Timur, sehingga sangat ideal untuk menyaksikan keindahan matahari terbit atau sunrise. Salah satu pantai di sanur yang dikenal sebagai Pantai Matahari Terbit menjadi tempat yang sangat menarik untuk bisa menyaksikan pemandangan matahari terbit di pagi hari. Pantai Matahari Terbit ini terletak di kawasan Sanur, Bali. Secara khusus, pantai ini menjadi bagian dari Desa Sanur Kauh, Sanur di Kota Denpasar Bali.",Alam,Denpasar,Bali,5000,4.6,"{'lat': -867.068,'lng': 1.152.617}",-867.0680,1.152.617,"pantai matahari terbit alam keindahan alam di sanur sebagai destinasi pariwisata di bali tetap memiliki daya tarik tersendiri bagi para wisatawan baik asing dan mancanegara. sanur memiliki kawasan pantai yang sempurna menghadap ke arah timur, sehingga sangat ideal untuk menyaksikan keindahan matahari terbit atau sunrise. salah satu pantai di sanur yang dikenal sebagai pantai matahari terbit menjadi tempat yang sangat menarik untuk bisa menyaksikan pemandangan matahari terbit di pagi hari. pantai matahari terbit ini terletak di kawasan sanur, bali. secara khusus, pantai ini menjadi bagian dari desa sanur kauh, sanur di kota denpasar bali. denpasar",images/bali/image_4
5,Pantai Duyung,"Pantai Duyung ini menyuguhkan pemandangan alam pesisir yang indah dengan pantainya pasir putih, serta menghadap ke Timur, sehingga pengunjung bisa menyaksikan keindahan matahari terbit atau sunrise dengan sempurna. Pantai Duyung terletak di Jalan Duyung, kawasan pariwisata Sanur, Denpasar Selatan, Bali, lokasinya berada di sebelah Selatan pantai Sindu ataupun hotel Inna Grand Bali Beach yang menjadi ikon pariwisata Sanur, berada diantara pantai matahari terbit Sanur dan pantai Mertasari. Suasana alam di pantai Duyung Sanur ini, terasa tenang dan damai, sehingga ideal bagi anda yang butuh tempat wisata dan rekreasi yang lebih privasi, bagi warga kota Denpasar ataupun wisatawan bisa menjadikan tempat wisata alam pantai ini menjadi tujuan tour anda selanjutnya ketika liburan di pulau Dewata Bali.",Alam,Denpasar,Bali,0,4.4,"{'lat': -870.383,'lng': 1.152.643}",-870.3830,1.152.643,"pantai duyung alam pantai duyung ini menyuguhkan pemandangan alam pesisir yang indah dengan pantainya pasir putih, serta menghadap ke timur, sehingga pengunjung bisa menyaksikan keindahan matahari terbit atau sunrise dengan sempurna. pantai duyung terletak di jalan duyung, kawasan pariwisata sanur, denpasar selatan, bali, lokasinya berada di sebelah selatan pantai sindu ataupun hotel inna grand bali beach yang menjadi ikon pariwisata sanur, berada diantara pantai matahari terbit sanur dan pantai mertasari. suasana alam di pantai duyung sanur ini, terasa tenang dan damai, sehingga ideal bagi anda yang butuh tempat wisata dan rekreasi yang lebih privasi, bagi warga kota denpasar ataupun wisatawan bisa menjadikan tempat wisata alam pantai ini menjadi tujuan tour anda selanjutnya ketika liburan di pulau dewata bali. denpasar",images/bali/image_5
6,Pantai Muara Tangtu,"Pantai Tangtu Denpasar merupakan pantai berpasir hitam di kawasan Denpasar, Bali. Pantai ini berada di sebelah timur pantai Padang Galak dan di sebelah Pantai Biaung. Pantai ini ramai dikunjungi wisatawan yang berniat “membersihkan diri” dari segala kesialan dan penyakit di Pura dekat pantai ini. Dahulunya, di pantai ini terlantar sebab banyaknya sampah dari laut ataupun sampah ranting pohon. Lambat laun, pemuda setempat berinisiatif untuk membersihkan pantai ini dari sampah dan mendaur ulang sampah ranting pohon menjadi rumah penduduk, api unggun, dan lain-lain. Spot tersebut yang kini menjadi spot wajib bagi pecinta fotografi.",Alam,Denpasar,Bali,5000,4.4,"{'lat': -865.452,'lng': 1.152.684}",-865.4520,1.152.684,"pantai muara tangtu alam pantai tangtu denpasar merupakan pantai berpasir hitam di kawasan denpasar, bali. pantai ini berada di sebelah timur pantai padang galak dan di sebelah pantai biaung. pantai ini ramai dikunjungi wisatawan yang berniat “membersihkan diri” dari segala kesialan dan penyakit di pura dekat pantai ini. dahulunya, di pantai ini terlantar sebab banyaknya sampah dari laut ataupun sampah ranting pohon. lambat laun, pemuda setempat berinisiatif untuk membersihkan pantai ini dari sampah dan mendaur ulang sampah ranting pohon menjadi rumah penduduk, api unggun, dan lain-lain. spot tersebut yang kini menjadi spot wajib bagi pecinta fotografi. denpasar",images/bali/image_6
7,Pantai Biaung,"Nama pantai Biaung memang belum sepopuler tetangganya yaitu pantai Sanur, tetapi keunikan pesisir ini, karena suasana alamnya yang masih alami dan sepi karena tidak begitu banyak pengunjung, membuat anda akan lebih leluasa untuk sekedar bersantai atau menikmati ketenangan.Walaupun Denpasar selalu identik dengan keramaian dan hiruk pikuk aktivitas manusia, tetapi berada di objek wisata pantai Biaung memberikan kesan berbeda, tempat ini bisa menjadi tujuan bersantai dan refresh, yang jaraknya tidak begitu jauh dari pusat kota Denpasar.",Alam,Denpasar,Bali,0,4.2,"{'lat': -865.268,'lng': 1.152.704}",-865.2680,1.152.704,"pantai biaung alam nama pantai biaung memang belum sepopuler tetangganya yaitu pantai sanur, tetapi keunikan pesisir ini, karena suasana alamnya yang masih alami dan sepi karena tidak begitu banyak pengunjung, membuat anda akan lebih leluasa untuk sekedar bersantai atau menikmati ketenangan.walaupun denpasar selalu identik dengan keramaian dan hiruk pikuk aktivitas manusia, tetapi berada di objek wisata pantai biaung memberikan kesan berbeda, tempat ini bisa menjadi tujuan bersantai dan refresh, yang jaraknya tidak begitu jauh dari pusat kota denpasar. denpasar",images/bali/image_7
8,Pantai Padang Galak,"Denpasar memiliki cukup banyak pantai, salah satunya pantai Padang Galak. Pantai Padang Galak ini berada di Jalan Padang Galak, Sanur, Denpasar. Pantai ini memiliki pasir hitam yang sangat manis,  wisatawan yang ingin melihat air lautnya maka harus naik atas tangga dulu. Karena pantai ini agak kebawah dari daratan, ketika datang kesana tidak bisa langsung melihat hamparan luas lautan. Untuk menuju pasir pantai atau berada didepan bibir pantai ini kita bisa melewati batu-batu besar dulu, bila tidak ingin terpeleset bisa melewati anak tangga. Biasanya pantai ini akan ramai bila ada upacara keagaman. Meskipun tidak ada upacar pantai padang galak masih terlihat ramai pada saat sore hari. Para wisatawan akan datang ke tempat itu biasanya sambil menikmati makanan yang dijual di pinggir pantai tersebut. Pantai ini cocok buat kamu-kamu yang suka akan ketenangan. ",Alam,Denpasar,Bali,5000,4.6,"{'lat': -866.114,'lng': 1.152.633}",-866.1140,1.152.633,"pantai padang galak alam denpasar memiliki cukup banyak pantai, salah satunya pantai padang galak. pantai padang galak ini berada di jalan padang galak, sanur, denpasar. pantai ini memiliki pasir hitam yang sangat manis,  wisatawan yang ingin melihat air lautnya maka harus naik atas tangga dulu. karena pantai ini agak kebawah dari daratan, ketika datang kesana tidak bisa langsung melihat hamparan luas lautan. untuk menuju pasir pantai atau berada didepan bibir pantai ini kita bisa melewati batu-batu besar dulu, bila tidak ingin terpeleset bisa melewati anak tangga. biasanya pantai ini akan ramai bila ada upacara keagaman. meskipun tidak ada upacar pantai padang galak masih terlihat ramai pada saat sore hari. para wisatawan akan datang ke tempat itu biasanya sambil menikmati makanan yang dijual di pinggir pantai tersebut. pantai ini cocok buat kamu-kamu yang suka akan ketenangan.  denpasar",images/bali/image_8
9,Pantai Sanur,"Pantai Sanur adalah salah satu pantai wisata yang ada di pulau Bali. Pantai ini terletak persis di sebelah timur kota Denpasar, Bali. Sanur berada di Kotamadya Denpasar. Karena memiliki ombak yang cukup tenang, maka pantai Sanur tidak bisa dipakai untuk selancar layaknya Pantai Kuta.[1] Tak jauh dari Pantai Sanur terdapat juga lokasi wisata selam dan snorkeling. Lokasi selam ini dapat digunakan oleh para penyelam dari semua tingkatan keahlian. Pantai Sanur juga dikenal sebagai sunrise beach (pantai untuk melihat matahari terbit), berlawanan dengan Pantai Kuta yang lebih dikenal dengan pemandangan matahari tenggelam.",Alam,Denpasar,Bali,5000,4.4,"{'lat': -867.467,'lng': 115.264}",-867.4670,115.2640,"pantai sanur alam pantai sanur adalah salah satu pantai wisata yang ada di pulau bali. pantai ini terletak persis di sebelah timur kota denpasar, bali. sanur berada di kotamadya denpasar. karena memiliki ombak yang cukup tenang, maka pantai sanur tidak bisa dipakai untuk selancar layaknya pantai kuta.[1] tak jauh dari pantai sanur terdapat juga lokasi wisata selam dan snorkeling. lokasi selam ini dapat digunakan oleh para penyelam dari semua tingkatan keahlian. pantai sanur juga dikenal sebagai sunrise beach (pantai untuk melihat matahari terbit), berlawanan dengan pantai kuta yang lebih dikenal dengan pemandangan matahari tenggelam. denpasar",images/bali/image_9
10,Pantai Biaung,"Objek Wisata Pantai Biaung di Kesiman Denpasar Bali adalah salah satu tempat wisata yang berada di Desa Kesiman Kertalangu, Kecamatan Denpasar Timur, Kota Denpasar, Bali, Indonesia. Objek Wisata Pantai Biaung di Kesiman Denpasar Bali adalah tempat wisata yang ramai dengan wisatawan pada hari biasa maupun hari liburan. Tempat ini sangat indah dan bisa memberikan sensasi yang berbeda dengan aktivitas kita sehari hari. Objek Wisata Pantai Biaung di Kesiman Denpasar Bali memiliki pesona keindahan yang sangat menarik untuk dikunjungi. Sangat di sayangkan jika anda berada di kota Denpasar tidak mengunjungi Objek Wisata Pantai Biaung di Kesiman Denpasar Bali yang mempunyai keindahan yang tiada duanya tersebut.",Alam,Denpasar,Bali,0,4.7,"{'lat': -865.284,'lng': 1.152.703}",-865.2840,1.152.703,"pantai biaung alam objek wisata pantai biaung di kesiman denpasar bali adalah salah satu tempat wisata yang berada di desa kesiman kertalangu, kecamatan denpasar timur, kota denpasar, bali, indonesia. objek wisata pantai biaung di kesiman denpasar bali adalah tempat wisata yang ramai dengan wisatawan pada hari biasa maupun hari liburan. tempat ini sangat indah dan bisa memberikan sensasi yang berbeda dengan aktivitas kita sehari hari. objek wisata pantai biaung di kesiman denpasar bali memiliki pesona keindahan yang sangat menarik untuk dikunjungi. sangat di sayangkan jika anda berada di kota denpasar tidak mengunjungi objek wisata pantai biaung di kesiman denpasar bali yang mempunyai keindahan yang tiada duanya tersebut. denpasar",images/bali/image_10
11,Pantai Sindhu,"Pesona alam yang ditawarkan oleh pantai Sindhu menjadikannya sebagai salah satu tempat wisata di wilayah Denpasar yang cukup populer bagi warga kota. Sehingga objek wisata pantai Sindhu ini tidak asing lagi bagi warga Denpasar atau wisatawan yang menginap di hotel pinggir pantai tersebut.Tapi bagi warga kebanyakan ataupun wisatawan mungkin lebih familiar dengan nama objek wisata pantai Sanur, karena memang lokasinya berada dalam satu kelurahan dan berdampingan, terkadang pengunjung memilih pantai Sanur karena akses lokasinya lebih mudah, padahal di kawasan pariwisata ini banyak pesisir cantik yang patut anda kunjungi.",Alam,Denpasar,Bali,5000,4.6,"{'lat': -868.437,'lng': 1.152.646}",-868.4370,1.152.646,"pantai sindhu alam pesona alam yang ditawarkan oleh pantai sindhu menjadikannya sebagai salah satu tempat wisata di wilayah denpasar yang cukup populer bagi warga kota. sehingga objek wisata pantai sindhu ini tidak asing lagi bagi warga denpasar atau wisatawan yang menginap di hotel pinggir pantai tersebut.tapi bagi warga kebanyakan ataupun wisatawan mungkin lebih familiar dengan nama objek wisata pantai sanur, karena memang lokasinya berada dalam satu kelurahan dan berdampingan, terkadang pengunjung memilih pantai sanur karena akses lokasinya lebih mudah, padahal di kawasan pariwisata ini banyak pesisir cantik yang patut anda kunjungi. denpasar",images/bali/image_11
12,Pantai Mertasari,"Pulau Bali terkenal dengan daya tarik wisata pantainya, terutama Bali bagian selatan. Keunggulan pantai di Bali Selatan adalah pasirnya yang putih dan bersih. Salah satu pantai di Bali Selatan yang wajib Anda kunjungi adalah Pantai Mertasari di Sanur. Pantai Mertasari adalah panorama yang indah saat sunrise dan sunset. Tidak heran jika pantai ini sering dijadikan tempat bersantai oleh warga dan wisatawan lokal. Berbeda dengan Pantai Kuta dan pantai lainnya yang sudah terkenal, Pantai Mertasari belum banyak dikunjungi wisatawan asing. Biasanya, Pantai Mertasari mulai dipenuhi pengunjung pada pukul 05.00 WITA, saat langit masih gelap-gelapnya. Spot foto favorit wisatawan adalah dermaga yang terbuat dari semen dan batu. Di ujung dermaga itu terdapat gazebo kecil dimana Anda bisa duduk sambil menikmati panorama sunrise.",Alam,Denpasar,Bali,20000,4.4,"{'lat': -87.125,'lng': 1.152.518}",-87.1250,1.152.518,"pantai mertasari alam pulau bali terkenal dengan daya tarik wisata pantainya, terutama bali bagian selatan. keunggulan pantai di bali selatan adalah pasirnya yang putih dan bersih. salah satu pantai di bali selatan yang wajib anda kunjungi adalah pantai mertasari di sanur. pantai mertasari adalah panorama yang indah saat sunrise dan sunset. tidak heran jika pantai ini sering dijadikan tempat bersantai oleh warga dan wisatawan lokal. berbeda dengan pantai kuta dan pantai lainnya yang sudah terkenal, pantai mertasari belum banyak dikunjungi wisatawan asing. biasanya, pantai mertasari mulai dipenuhi pengunjung pada pukul 05.00 wita, saat langit masih gelap-gelapnya. spot foto favorit wisatawan adalah dermaga yang terbuat dari semen dan batu. di ujung dermaga itu terdapat gazebo kecil dimana anda bisa duduk sambil menikmati panorama sunrise. denpasar",images/bali/image_12
13,Pulau Serangan,"Pulau Serangan merupakan pulau yang cukup kecil dengan panjang sekitar 2,9 kilometer dan lebar 1 kilometer. Garis pantainya kurang lebih sekitar 8 kilometer mengelilingi Pulau Serangan. Nama Pulau Serangan berasal dari kata sira dan angen, maksudnya tidak lain bahwa pulau tersebut membuat kangen akan keindahannya. Pulau Serangan berada di antara wisata Tanjung Benoa dan Nusa Dua di selatan, kawasan wisata Sanur di timur laut, dan Pelabuhan Laut Benoa di bagian barat. Dahulu Pulau Serangan merupakan tempat singgah pelaut dari Makassar untuk mencari air minum. Setelah minum, mereka terkena pengaruh sira angen, yaitu kangen dengan Serangan.",Alam,Denpasar,Bali,3000,4,"{'lat': -873.995,'lng': 1.152.419}",-873.9950,1.152.419,"pulau serangan alam pulau serangan merupakan pulau yang cukup kecil dengan panjang sekitar 2,9 kilometer dan lebar 1 kilometer. garis pantainya kurang lebih sekitar 8 kilometer mengelilingi pulau serangan. nama pulau serangan berasal dari kata sira dan angen, maksudnya tidak lain bahwa pulau tersebut membuat kangen akan keindahannya. pulau serangan berada di antara wisata tanjung benoa dan nusa dua di selatan, kawasan wisata sanur di timur laut, dan pelabuhan laut benoa di bagian barat. dahulu pulau serangan merupakan tempat singgah pelaut dari makassar untuk mencari air minum. setelah minum, mereka terkena pengaruh sira angen, yaitu kangen dengan serangan. denpasar",images/bali/image_13
14,Pantai Kayu Putih,"Pantai Kayu Putih adalah sebuah Laguna yang memiliki nama asli loloan Yeh Poh (pertemuan antara air tawar sungai dengan air laut). Pada saat air laut pasang, loloan Yeh Poh terlihat seperti danau. Untuk menyeberang melewati laguna dibangunlah jembatan kayu yang membentang dari laguna sampai ke pasir pantai.Pantai ini sebelumnya tidak memiliki nama. Karena lokasi pantai berdekatan dengan tempat suci umat Hindu Bali yang bernama pura Kayu Putih, oleh karena itu pantai ini diberikan nama pantai Kayu Putih Bali.",Alam,Denpasar,Bali,0,4.3,"{'lat': -867.075,'lng': 1.151.428}",-867.0750,1.151.428,"pantai kayu putih alam pantai kayu putih adalah sebuah laguna yang memiliki nama asli loloan yeh poh (pertemuan antara air tawar sungai dengan air laut). pada saat air laut pasang, loloan yeh poh terlihat seperti danau. untuk menyeberang melewati laguna dibangunlah jembatan kayu yang membentang dari laguna sampai ke pasir pantai.pantai ini sebelumnya tidak memiliki nama. karena lokasi pantai berdekatan dengan tempat suci umat hindu bali yang bernama pura kayu putih, oleh karena itu pantai ini diberikan nama pantai kayu putih bali. denpasar",images/bali/image_14
15,Pantai Kuta Bali,"Pantai Kuta adalah sebuah tempat pariwisata yang terletak di kecamatan Kuta sebelah selatan Kota Denpasar, Bali, Indonesia. Daerah ini merupakan sebuah tujuan wisata turis mancanegara dan telah menjadi objek wisata andalan Pulau Bali sejak awal tahun 1970-an. Pantai Kuta sering pula disebut sebagai pantai matahari terbenam sebagai lawan dari pantai Sanur. Selain itu, Lapangan Udara I Gusti Ngurah Rai terletak tidak jauh dari Kuta. Pantai Kuta terkenal memiliki ombak yang bagus untuk olahraga selancar (surfing), terutama bagi peselancar pemula. Selain keindahan pantai, wisata pantai Kuta juga menawarkan berbagai jenis hiburan seperti bar, restoran, pertokoan, restoran, hotel, dan toko-toko kelontong, serta pedagang kaki lima di sepanjang pantai menuju Pantai Legian.",Alam,Denpasar,Bali,0,4.6,"{'lat': -871.276,'lng': 1.151.669}",-871.2760,1.151.669,"pantai kuta bali alam pantai kuta adalah sebuah tempat pariwisata yang terletak di kecamatan kuta sebelah selatan kota denpasar, bali, indonesia. daerah ini merupakan sebuah tujuan wisata turis mancanegara dan telah menjadi objek wisata andalan pulau bali sejak awal tahun 1970-an. pantai kuta sering pula disebut sebagai pantai matahari terbenam sebagai lawan dari pantai sanur. selain itu, lapangan udara i gusti ngurah rai terletak tidak jauh dari kuta. pantai kuta terkenal memiliki ombak yang bagus untuk olahraga selancar (surfing), terutama bagi peselancar pemula. selain keindahan pantai, wisata pantai kuta juga menawarkan berbagai jenis hiburan seperti bar, restoran, pertokoan, restoran, hotel, dan toko-toko kelontong, serta pedagang kaki lima di sepanjang pantai menuju pantai legian. denpasar",images/bali/image_15
16,Pantai Dermaga,"Pantai Kelan terletak di desa Kelan, berada sekitar 15 menit dari Bandara Ngurah Rai. Pantai Kelan berpasir putih dengan pesona deburan ombak yang menawan. Di pantai ini banyak bersandar perahu-perahu tradisional nelayan Bali - Kelan sebagai mata pencaharian sebagian penduduk pesisir Kelan. Pada saat sore hari Anda dapat menjumpai beberapa nelayan yang sedang memasang jala untuk menangkap ikan. Pada saat sore hari dapat menyaksikan matahari terbenam dengan semilir angin. Nelayan di Kelan juga menjual ikannya di Pasar Ikan di areal Pantai Kelan.",Alam,Denpasar,Bali,0,4.6,"{'lat': -86.663,'lng': 115.261}",-86.6630,115.2610,"pantai dermaga alam pantai kelan terletak di desa kelan, berada sekitar 15 menit dari bandara ngurah rai. pantai kelan berpasir putih dengan pesona deburan ombak yang menawan. di pantai ini banyak bersandar perahu-perahu tradisional nelayan bali - kelan sebagai mata pencaharian sebagian penduduk pesisir kelan. pada saat sore hari anda dapat menjumpai beberapa nelayan yang sedang memasang jala untuk menangkap ikan. pada saat sore hari dapat menyaksikan matahari terbenam dengan semilir angin. nelayan di kelan juga menjual ikannya di pasar ikan di areal pantai kelan. denpasar",images/bali/image_16
17,Pantai Gumicik,"Pantai Gumicik Ketewel Gianyar berada di kabupaten Gianyar, Bali. Keindahan bentang alam pantai yang memukau pengunjung dengan panorama alam yang masih asri. Pepohonan hijau serta ombak pantai menjadi daya tarik tersendiri bagi pantai yang belum ramai ini. Meski tergolong baru dan belum terlalu ramai wisatawan yang berkunjung, wisatawan asing paling banyak berkunjung ke Pantai Gumicik Ketewel untuk mencoba ombak yang cukup besar. Banyak peselancar yang ketagihan dengan ombak pantai ini. Pantai Gumicik Ketewel Gianyar memiliki pasir pantai hitam yang lembut dan berkilau kala diterpa cahaya matahari. Di sekitar pantai terdapat banyak pepohonan sehingga cukup terasa rindang dan sejuk. Air yang jernih ditambah awan dengan cuaca cerah akan membuat suasana pantai terasa sejuk dan menenangkan. Pantai ini terkenal sebagai pantai surfing, sebab memiliki ombak yang besar dan cocok bagi peselancar professional. Namun, jika Anda masih pemula disarankan tidak berselancar di pantai ini sebab ombak yang cukup besar mungkin belum dikuasai oleh peselancar pemula.",Alam,Denpasar,Bali,0,4.2,"{'lat': -864.494,'lng': 1.152.814}",-864.4940,1.152.814,"pantai gumicik alam pantai gumicik ketewel gianyar berada di kabupaten gianyar, bali. keindahan bentang alam pantai yang memukau pengunjung dengan panorama alam yang masih asri. pepohonan hijau serta ombak pantai menjadi daya tarik tersendiri bagi pantai yang belum ramai ini. meski tergolong baru dan belum terlalu ramai wisatawan yang berkunjung, wisatawan asing paling banyak berkunjung ke pantai gumicik ketewel untuk mencoba ombak yang cukup besar. banyak peselancar yang ketagihan dengan ombak pantai ini. pantai gumicik ketewel gianyar memiliki pasir pantai hitam yang lembut dan berkilau kala diterpa cahaya matahari. di sekitar pantai terdapat banyak pepohonan sehingga cukup terasa rindang dan sejuk. air yang jernih ditambah awan dengan cuaca cerah akan membuat suasana pantai terasa sejuk dan menenangkan. pantai ini terkenal sebagai pantai surfing, sebab memiliki ombak yang besar dan cocok bagi peselancar professional. namun, jika anda masih pemula disarankan tidak berselancar di pantai ini sebab ombak yang cukup besar mungkin belum dikuasai oleh peselancar pemula. denpasar",images/bali/image_17
18,Pantai Petitenget,"Pantai Petitenget terletak di pesisir barat daya Bali, hanya beberapa kilometer sebelah utara dari pusat Seminyak. Pantai ini memiliki lokasi strategis dan mudah diakses dari berbagai daerah populer di Bali. Dari Bandara Internasional Ngurah Rai, perjalanan menuju pantai ini dapat memakan waktu sekitar 30-45 menit, tergantung dari lalu lintas. Seperti sebagian besar pantai di Bali, Pantai Petitenget memiliki pasir yang lembut dan laut yang biru, tetapi yang membuatnya istimewa adalah pasirnya yang berwarna hitam. Pasir hitam ini memberikan karakter unik pada pantai ini dan menjadi daya tarik yang membedakannya dari pantai-pantai lainnya di Bali. Salah satu momen yang paling dinantikan oleh para pengunjung adalah sunset di Pantai Petitenget. Ketika matahari mulai merunduk ke laut, langit dipenuhi dengan palet warna yang memukau, menciptakan pemandangan yang memesona dan menenangkan hati. Banyak pengunjung berkumpul di tepi pantai untuk menyaksikan keindahan sunset ini dan mengabadikannya dalam foto-foto indah.",Alam,Denpasar,Bali,0,4.5,"{'lat': -868.236,'lng': 115.151}",-868.2360,115.1510,"pantai petitenget alam pantai petitenget terletak di pesisir barat daya bali, hanya beberapa kilometer sebelah utara dari pusat seminyak. pantai ini memiliki lokasi strategis dan mudah diakses dari berbagai daerah populer di bali. dari bandara internasional ngurah rai, perjalanan menuju pantai ini dapat memakan waktu sekitar 30-45 menit, tergantung dari lalu lintas. seperti sebagian besar pantai di bali, pantai petitenget memiliki pasir yang lembut dan laut yang biru, tetapi yang membuatnya istimewa adalah pasirnya yang berwarna hitam. pasir hitam ini memberikan karakter unik pada pantai ini dan menjadi daya tarik yang membedakannya dari pantai-pantai lainnya di bali. salah satu momen yang paling dinantikan oleh para pengunjung adalah sunset di pantai petitenget. ketika matahari mulai merunduk ke laut, langit dipenuhi dengan palet warna yang memukau, menciptakan pemandangan yang memesona dan menenangkan hati. banyak pengunjung berkumpul di tepi pantai untuk menyaksikan keindahan sunset ini dan mengabadikannya dalam foto-foto indah. denpasar",images/bali/image_18
19,Pantai Batu Belig,"Pantai Batu Belig adalah wisata pantai yang berlokasi di daerah Badung, Bali. Wisata bahari ini cukup unik dan langka. Jika Anda biasanya menemukan sebagian besar pantai mempunyai pasir putih, berbeda dengan wisata ini dengan pasir hitamnya yang mendominasi. Meskipun pasir hitam menyelimuti pesisir pantai ini, namun keindahannya tidak berkurang sedikitpun dan tetap bisa menyaingi pantai pasir putih. Tekstur pasirnya cenderung tebal tetapi sangat halus. Tidak sedikit para pengunjung bermain di pasir hitam ini. Pemberian nama Batu Belig ini terdapat sejarah asal muasalnya. Belig adalah kata yang berasal dari bahasa Bali dengan arti licin. Batu Belig maknanya adalah Batu Licin. Dulunya memang tempat wisata Instagramable Bali ini terdapat banyak batuan karang yang permukaannya licin sebab tumbuh lumut laut. Saat ini, bebatuan karang yang licin tersebut sudah tidak ada dan rata dengan pasir pantai yang didominasi warna hitam. Ada banyak aktivitas menarik yang dapat Anda nikmati di pantai ini, seperti bermain layang-layang, menyaksikan sunset, hingga menunggang kuda.",Alam,Denpasar,Bali,5000,4.5,"{'lat': -867.424,'lng': 115.146}",-867.4240,115.1460,"pantai batu belig alam pantai batu belig adalah wisata pantai yang berlokasi di daerah badung, bali. wisata bahari ini cukup unik dan langka. jika anda biasanya menemukan sebagian besar pantai mempunyai pasir putih, berbeda dengan wisata ini dengan pasir hitamnya yang mendominasi. meskipun pasir hitam menyelimuti pesisir pantai ini, namun keindahannya tidak berkurang sedikitpun dan tetap bisa menyaingi pantai pasir putih. tekstur pasirnya cenderung tebal tetapi sangat halus. tidak sedikit para pengunjung bermain di pasir hitam ini. pemberian nama batu belig ini terdapat sejarah asal muasalnya. belig adalah kata yang berasal dari bahasa bali dengan arti licin. batu belig maknanya adalah batu licin. dulunya memang tempat wisata instagramable bali ini terdapat banyak batuan karang yang permukaannya licin sebab tumbuh lumut laut. saat ini, bebatuan karang yang licin tersebut sudah tidak ada dan rata dengan pasir pantai yang didominasi warna hitam. ada banyak aktivitas menarik yang dapat anda nikmati di pantai ini, seperti bermain layang-layang, menyaksikan sunset, hingga menunggang kuda. denpasar",images/bali/image_19
20,Pantai Soka,"Pantai Soka terletak di Desa Antap, Kecamatan Selemadeg, Kabupaten Tabanan. Tempat wisata di Bali ini berada dipinggir ruas jalan utama Denpasar – Gilimanuk. Jarak tempuh sekitar 56 Km dari Denpasar. Di sebelah barat pantai Soka terdapat sebuah goa kelelawar yang dinamakan goa Bulung Daya. Di atasnya terdapat Pura Luhur Serijong yang berada di atas tebing karang. Di sebelahnya terdapat batu karang yang dikelilingi laut dan muara dimana batu karang ini disebut Payuk Kebo Iwa, dalam bahasa Indonesia payuk artinya periuk atau kuali.",Alam,Denpasar,Bali,10000,4.2,"{'lat': -852.805,'lng': 1.149.952}",-852.8050,1.149.952,"pantai soka alam pantai soka terletak di desa antap, kecamatan selemadeg, kabupaten tabanan. tempat wisata di bali ini berada dipinggir ruas jalan utama denpasar – gilimanuk. jarak tempuh sekitar 56 km dari denpasar. di sebelah barat pantai soka terdapat sebuah goa kelelawar yang dinamakan goa bulung daya. di atasnya terdapat pura luhur serijong yang berada di atas tebing karang. di sebelahnya terdapat batu karang yang dikelilingi laut dan muara dimana batu karang ini disebut payuk kebo iwa, dalam bahasa indonesia payuk artinya periuk atau kuali. denpasar",images/bali/image_20
21,Pantai Purnama ᬧᬦ᭄ᬢᬳᬶᬧᬸᬃᬡᬫ᭟,"Objek wisata pantai Purnama di Gianyar menawarkan alam indah dan menarik, ideal sebagai tempat rekreasi keluarga terutama anak-anak, memang pantai ini memang belum begitu populer jika dibandingkan tempat wisata lainnya di Pulau Dewata Bali. Kabupaten Gianyar memiliki sejumlah objek wisata selain pantai yang populer di Bali, dan sudah dikenal kalangan wisatawan dan menjadi tujuan tour wajib, diantaranya destinasi wisata Ubud, Tegalalang, Tampaksiring, Monkey Forest, Goa Gajah, Sukawati, Celuk, Barong di Batubulan, Air Terjun Tegenungan, Bukit Campuhan, Ayung Rafting dan masih banyak deretan panjang lainnya.",Alam,Denpasar,Bali,0,4.3,"{'lat': -86.193,'lng': 115.31}",-86.1930,115.3100,"pantai purnama ᬧᬦ᭄ᬢᬳᬶᬧᬸᬃᬡᬫ᭟ alam objek wisata pantai purnama di gianyar menawarkan alam indah dan menarik, ideal sebagai tempat rekreasi keluarga terutama anak-anak, memang pantai ini memang belum begitu populer jika dibandingkan tempat wisata lainnya di pulau dewata bali. kabupaten gianyar memiliki sejumlah objek wisata selain pantai yang populer di bali, dan sudah dikenal kalangan wisatawan dan menjadi tujuan tour wajib, diantaranya destinasi wisata ubud, tegalalang, tampaksiring, monkey forest, goa gajah, sukawati, celuk, barong di batubulan, air terjun tegenungan, bukit campuhan, ayung rafting dan masih banyak deretan panjang lainnya. denpasar",images/bali/image_21
22,Pantai Manyar,"Nama Pantai Manyar Bali memang sangat tidak familier di telinga wisatawan. Namun, hal tersebut tidak membuat pantai ini sama sekali tidak memiliki daya tarik. Sebaliknya, pantai ini bisa dibilang merupakan salah satu pantai indah di Gianyar. Lokasinya yang berada di bagian timur, membuat Pantai Manyar Bali sebagai tempat yang begitu spesial. Pantai ini menawarkan pemandangan matahari terbit sekaligus matahari terbenam yang begitu cantik. Tak heran kalau para fotografer kerap menghabiskan waktunya berkumpul di sini. Pemandangan matahari terbit dan terbenam menjadi pesona utama yang bisa ditemukan selagi berada di pantai ini. Suasana yang ada di pantai ini juga semakin menghidupkan hasil jepretan kamera. Apalagi, Anda dapat menyaksikan aktivitas para nelayan yang tengah beraktivitas. Pantai ini juga dikenal sebagai pantai yang memiliki ombak tenang. Oleh karena itu, Anda tidak perlu khawatir bakal tersapu ombak kencang selama berada di area pantai. Apalagi, pemerintah setempat telah membangun penahan ombak yang ditempatkan di sepanjang tepi pantai.",Alam,Denpasar,Bali,0,4.3,"{'lat': -864.104,'lng': 115.287}",-864.1040,115.2870,"pantai manyar alam nama pantai manyar bali memang sangat tidak familier di telinga wisatawan. namun, hal tersebut tidak membuat pantai ini sama sekali tidak memiliki daya tarik. sebaliknya, pantai ini bisa dibilang merupakan salah satu pantai indah di gianyar. lokasinya yang berada di bagian timur, membuat pantai manyar bali sebagai tempat yang begitu spesial. pantai ini menawarkan pemandangan matahari terbit sekaligus matahari terbenam yang begitu cantik. tak heran kalau para fotografer kerap menghabiskan waktunya berkumpul di sini. pemandangan matahari terbit dan terbenam menjadi pesona utama yang bisa ditemukan selagi berada di pantai ini. suasana yang ada di pantai ini juga semakin menghidupkan hasil jepretan kamera. apalagi, anda dapat menyaksikan aktivitas para nelayan yang tengah beraktivitas. pantai ini juga dikenal sebagai pantai yang memiliki ombak tenang. oleh karena itu, anda tidak perlu khawatir bakal tersapu ombak kencang selama berada di area pantai. apalagi, pemerintah setempat telah membangun penahan ombak yang ditempatkan di sepanjang tepi pantai. denpasar",images/bali/image_22
23,Pantai Muntig Siokan Sidakarya,"Pantai Muntig Siokan Sidakarya terletak di Sidakarya, Kec. Denpasar selatan, Kota Denpasar. Pantai ini memiliki jarak tempuh 20 menit dari kampus Udayana yang terletak di Jalan P.B. Sudirman, Dangin Puri Klod, Kec. Denpasar Barat dan berjarak tempuh 22 menit dari lapangan puputan renon yang terletak di renon, panjer, Kec. Denpasar selatan.",Alam,Denpasar,Bali,14000,4.6,"{'lat': -871.709,'lng': 1.152.387}",-871.7090,1.152.387,"pantai muntig siokan sidakarya alam pantai muntig siokan sidakarya terletak di sidakarya, kec. denpasar selatan, kota denpasar. pantai ini memiliki jarak tempuh 20 menit dari kampus udayana yang terletak di jalan p.b. sudirman, dangin puri klod, kec. denpasar barat dan berjarak tempuh 22 menit dari lapangan puputan renon yang terletak di renon, panjer, kec. denpasar selatan. denpasar",images/bali/image_23
24,Pantai Nyanyi,"Pantai ini terletak di Tabanan dan memiliki keindahan yang tidak kalah dengan pantai-pantai lain di Bali. Jika Anda belum pernah berkunjung ke pantai tersebut, maka ini saatnya Anda mengetahui lebih banyak tentang Pantai Nyanyi dan merencanakan perjalanan ke sana. Pantai Nyanyi dekat dengan berbagai fasilitas yang akan memudahkan pengunjung, seperti tempat kuliner dan penginapan. Selain itu, tersedia toilet untuk pengunjung. Sejumlah warga setempat juga menyediakan persewaan alat selancar dan perahu jika Anda ingin beraktivitas di air. Pantai Nyanyi terletak di Dusun Nyanyi, Kecamatan Kediri, Kabupaten tabanan, bali. Jaraknya sekitar 4,6 km dari Tanah Lot. Jika Anda berkunjung ke Tanah Lot, Anda juga bisa sekalian mampir ke pantai ini.",Alam,Denpasar,Bali,2000,4.4,"{'lat': -863.366,'lng': 1.150.978}",-863.3660,1.150.978,"pantai nyanyi alam pantai ini terletak di tabanan dan memiliki keindahan yang tidak kalah dengan pantai-pantai lain di bali. jika anda belum pernah berkunjung ke pantai tersebut, maka ini saatnya anda mengetahui lebih banyak tentang pantai nyanyi dan merencanakan perjalanan ke sana. pantai nyanyi dekat dengan berbagai fasilitas yang akan memudahkan pengunjung, seperti tempat kuliner dan penginapan. selain itu, tersedia toilet untuk pengunjung. sejumlah warga setempat juga menyediakan persewaan alat selancar dan perahu jika anda ingin beraktivitas di air. pantai nyanyi terletak di dusun nyanyi, kecamatan kediri, kabupaten tabanan, bali. jaraknya sekitar 4,6 km dari tanah lot. jika anda berkunjung ke tanah lot, anda juga bisa sekalian mampir ke pantai ini. denpasar",images/bali/image_24
25,Pantai Pandawa,"Pantai Pandawa adalah salah satu tempat wisata di area Kuta selatan, Kabupaten Badung, Bali. Pantai ini terletak di balik perbukitan dan sering disebut sebagai Pantai Rahasia (Secret Beach). Di sekitar pantai ini terdapat dua tebing yang sangat besar yang pada salah satu sisinya dipahat lima patung Pandawa[1] dan Kunti. Keenam patung tersebut secarara berurutan (dari posisi tertinggi) diberi penejasan nama Dewi Kunti, Dharma Wangsa, Bima, Arjuna, Nakula, dan Sadewa. Selain untuk tujuan wisata dan olahraga air, pantai ini juga dimanfaatkan untuk budidaya rumput laut karena kontur pantai yang landai dan ombak yang tidak sampai ke garis pantai. Cukup banyak wisatawan yang melakukan paralayang dari Bukit Timbis hingga ke Pantai Pandawa.",Alam,Denpasar,Bali,8000,4.6,"{'lat': -884.528,'lng': 1.151.871}",-884.5280,1.151.871,"pantai pandawa alam pantai pandawa adalah salah satu tempat wisata di area kuta selatan, kabupaten badung, bali. pantai ini terletak di balik perbukitan dan sering disebut sebagai pantai rahasia (secret beach). di sekitar pantai ini terdapat dua tebing yang sangat besar yang pada salah satu sisinya dipahat lima patung pandawa[1] dan kunti. keenam patung tersebut secarara berurutan (dari posisi tertinggi) diberi penejasan nama dewi kunti, dharma wangsa, bima, arjuna, nakula, dan sadewa. selain untuk tujuan wisata dan olahraga air, pantai ini juga dimanfaatkan untuk budidaya rumput laut karena kontur pantai yang landai dan ombak yang tidak sampai ke garis pantai. cukup banyak wisatawan yang melakukan paralayang dari bukit timbis hingga ke pantai pandawa. denpasar",images/bali/image_25
26,Pantai Pasut,"Tabanan tak hanya memiliki Tanah Lot, ada juga pantai memesona lainnya yaitu Pantai Pasut. Karakteristik area pantainya berantai pasir hitam dengan ombak yang cukup tenang. Keunikan yang jarang ditemukan di pantai daerah Bali Selatan yang umumnya berwarna putih atau coklat. Mungkin masih sedikit wisatawan luar Bali yang mengenal Pantai Pasut. Karena lokasinya yang masih terbilang sepi dan tenang. Namun justru menjadi daya tarik bagi yang ingin menikmati suasana tenang pantai. Tak hanya itu, berbagai aktivitas menarik juga dapat dilakukan di pantai eksotis ini.",Alam,Denpasar,Bali,5000,4.5,"{'lat': -856.344,'lng': 1.150.367}",-856.3440,1.150.367,"pantai pasut alam tabanan tak hanya memiliki tanah lot, ada juga pantai memesona lainnya yaitu pantai pasut. karakteristik area pantainya berantai pasir hitam dengan ombak yang cukup tenang. keunikan yang jarang ditemukan di pantai daerah bali selatan yang umumnya berwarna putih atau coklat. mungkin masih sedikit wisatawan luar bali yang mengenal pantai pasut. karena lokasinya yang masih terbilang sepi dan tenang. namun justru menjadi daya tarik bagi yang ingin menikmati suasana tenang pantai. tak hanya itu, berbagai aktivitas menarik juga dapat dilakukan di pantai eksotis ini. denpasar",images/bali/image_26
27,Pantai Munggu,"Bagi yang suka surfing (berselancar) pantai Munggu surganya para peselancar karena memiliki gelombang yang kuat dan besar dengan garis pantai yang memanjang sehingga sangat cocok untuk kegiatan selancar. Pada hari-hari tertentu pantai ini digunakan Upacara Melasti dan Melarung Bumi oleh warga sekitar. Penduduk sekitar bermata pencaharian sebagai petani dan nelayan, ini bisa terlihat dari sawah-sawah yang ada saat akan menuju kawasan pantai sedangkan perahu nelayan terdapat disekitar pesisir pantai. Untuk mendukung kegiatan pariwisata di Pantai Munggu maka pemerintah setempat menyediakan fasilitas pendukung seperti tempat parkir yang cukup luas, villa, restaurant, café, dan warung yang menjual makanan dan minuman ringan..",Alam,Denpasar,Bali,0,4.5,"{'lat': -864.841,'lng': 1.151.169}",-864.8410,1.151.169,"pantai munggu alam bagi yang suka surfing (berselancar) pantai munggu surganya para peselancar karena memiliki gelombang yang kuat dan besar dengan garis pantai yang memanjang sehingga sangat cocok untuk kegiatan selancar. pada hari-hari tertentu pantai ini digunakan upacara melasti dan melarung bumi oleh warga sekitar. penduduk sekitar bermata pencaharian sebagai petani dan nelayan, ini bisa terlihat dari sawah-sawah yang ada saat akan menuju kawasan pantai sedangkan perahu nelayan terdapat disekitar pesisir pantai. untuk mendukung kegiatan pariwisata di pantai munggu maka pemerintah setempat menyediakan fasilitas pendukung seperti tempat parkir yang cukup luas, villa, restaurant, café, dan warung yang menjual makanan dan minuman ringan.. denpasar",images/bali/image_27
28,Pantai Gunung Payung,"Pantai Gunung Payung, terletak di Kutuh, Kuta Selatan, Badung, Bali, menjadi salah satu destinasi wisata terbaik di Pulau Dewata. Pantai Gunung Payung menghadirkan pemandangan yang memukau bagi para wisatawan. Dengan pasir putih yang lembut dan air laut yang jernih, pantai ini menawarkan pengalaman tak terlupakan. Tidak hanya itu, tebing-tebing menjulang tinggi di sekitarnya memberikan latar belakang yang spektakuler.",Alam,Denpasar,Bali,4000,4.6,"{'lat': -884.078,'lng': 1.151.998}",-884.0780,1.151.998,"pantai gunung payung alam pantai gunung payung, terletak di kutuh, kuta selatan, badung, bali, menjadi salah satu destinasi wisata terbaik di pulau dewata. pantai gunung payung menghadirkan pemandangan yang memukau bagi para wisatawan. dengan pasir putih yang lembut dan air laut yang jernih, pantai ini menawarkan pengalaman tak terlupakan. tidak hanya itu, tebing-tebing menjulang tinggi di sekitarnya memberikan latar belakang yang spektakuler. denpasar",images/bali/image_28
29,Tukad Bindu,"Tukad Bindu diproyeksikan menjadi salah satu tempat wisata unggulan Denpasar, karena memadukan penataan lingkungan, edukasi dan ekonomi berbasis komunitas. Pemerintah Kota Denpasar sendiri serius menata sungai. Hal ini tidak lepas dari landasan filosofis sesuai kepercayaan masyarakat Bali, di mana air memiliki peran sentral dalam berbagai ritual keagaaman.",Tempat Rekreasi,Denpasar,Bali,0,4.5,"{'lat': -864.379,'lng': 1.152.358}",-864.3790,1.152.358,"tukad bindu tempat rekreasi tukad bindu diproyeksikan menjadi salah satu tempat wisata unggulan denpasar, karena memadukan penataan lingkungan, edukasi dan ekonomi berbasis komunitas. pemerintah kota denpasar sendiri serius menata sungai. hal ini tidak lepas dari landasan filosofis sesuai kepercayaan masyarakat bali, di mana air memiliki peran sentral dalam berbagai ritual keagaaman. denpasar",images/bali/image_29
30,Monumen Bajra Sandhi,"Monumen Bajra Sandhi merupakan Monumen Perjuangan Rakyat Bali untuk memberi hormat pada para pahlawan serta merupakan lambang pesemaian pelestarian jiwa perjuangan rakyat Bali dari generasi ke generasi dan dari zaman ke zaman serta lambang semangat untuk mempertahankan keutuhan Negara Kesatuan Republik Indonesia. Hal ini dapat dilihat dari 17 anak tangga yang ada di pintu utama, 8 buah tiang agung di dalam gedung monumen, dan monumen yang menjulang setinggi 45 meter. Lokasi monumen ini terletak di depan Kantor Gubernur Kepala Daerah Provinsi Bali yang juga di depan Gedung DPRD Provinsi Bali Niti Mandala Renon persisnya di Lapangan Puputan Renon. Monumen ini dikenal dengan nama ""Bajra Sandhi"" karena bentuknya menyerupai bajra atau genta yang digunakan oleh para Pendeta Hindu dalam mengucapkan Weda (mantra) pada saat upacara keagamaan. Monumen ini dibangun pada tahun 1987, diresmikan oleh Presiden Megawati Sukarno Putri pada tanggal 14 Juni 2003. Tujuan pembangunan monumen ini adalah untuk mengabadikan jiwa dan semangat perjuangan rakyat Bali, sekaligus menggali, memelihara, mengembangkan serta melestarikan budaya Bali untuk diwariskan kepada generasi penerus sebagai modal melangkah maju menapak dunia yang semakin sarat dengan tantangan dan hambatan.",Sejarah dan Budaya,Denpasar,Bali,25000,4.6,"{'lat': -867.173,'lng': 1.152.339}",-867.1730,1.152.339,"monumen bajra sandhi sejarah dan budaya monumen bajra sandhi merupakan monumen perjuangan rakyat bali untuk memberi hormat pada para pahlawan serta merupakan lambang pesemaian pelestarian jiwa perjuangan rakyat bali dari generasi ke generasi dan dari zaman ke zaman serta lambang semangat untuk mempertahankan keutuhan negara kesatuan republik indonesia. hal ini dapat dilihat dari 17 anak tangga yang ada di pintu utama, 8 buah tiang agung di dalam gedung monumen, dan monumen yang menjulang setinggi 45 meter. lokasi monumen ini terletak di depan kantor gubernur kepala daerah provinsi bali yang juga di depan gedung dprd provinsi bali niti mandala renon persisnya di lapangan puputan renon. monumen ini dikenal dengan nama ""bajra sandhi"" karena bentuknya menyerupai bajra atau genta yang digunakan oleh para pendeta hindu dalam mengucapkan weda (mantra) pada saat upacara keagamaan. monumen ini dibangun pada tahun 1987, diresmikan oleh presiden megawati sukarno putri pada tanggal 14 juni 2003. tujuan pembangunan monumen ini adalah untuk mengabadikan jiwa dan semangat perjuangan rakyat bali, sekaligus menggali, memelihara, mengembangkan serta melestarikan budaya bali untuk diwariskan kepada generasi penerus sebagai modal melangkah maju menapak dunia yang semakin sarat dengan tantangan dan hambatan. denpasar",images/bali/image_30
31,Upside Down World Bali,"Di lokasi foto, semua ruangan memiliki desain terbalik. Tidak hanya ruangan, semua isi ruangan seperti tempat tidur, bantal, televisi, lemari, rak juga dibuat terbalik. Tidak hanya dengan desain terbalik, keunikan tempat foto ini juga terdapat pada tata letak ruangan, perpaduan warna dari ruangan dan interior di desain dengan warna kontras agar terlihat indah di foto. Konsep foto terbalik saat ini hanya di miliki oleh Upside Down World Bali dan satu-satunya yang ada di Indonesia. Tempat foto terbalik ini dibuka pada tanggal 1 Maret 2016, jadi masih masuk dalam kategori aktivitas wisata terbaru di Bali. Jadi saat liburan di Bali dan ingin memiliki foto dengan konsep terbalik, maka jangan lewatkan untuk mengunjungi tempat foto ini.",Tempat Rekreasi,Denpasar,Bali,100000,4.2,"{'lat': -871.671,'lng': 1.152.053}",-871.6710,1.152.053,"upside down world bali tempat rekreasi di lokasi foto, semua ruangan memiliki desain terbalik. tidak hanya ruangan, semua isi ruangan seperti tempat tidur, bantal, televisi, lemari, rak juga dibuat terbalik. tidak hanya dengan desain terbalik, keunikan tempat foto ini juga terdapat pada tata letak ruangan, perpaduan warna dari ruangan dan interior di desain dengan warna kontras agar terlihat indah di foto. konsep foto terbalik saat ini hanya di miliki oleh upside down world bali dan satu-satunya yang ada di indonesia. tempat foto terbalik ini dibuka pada tanggal 1 maret 2016, jadi masih masuk dalam kategori aktivitas wisata terbaru di bali. jadi saat liburan di bali dan ingin memiliki foto dengan konsep terbalik, maka jangan lewatkan untuk mengunjungi tempat foto ini. denpasar",images/bali/image_31
32,Taman Lumintang Denpasar,Sebuah taman di tengah kota bisa menjadi lokasi favorit warga untuk sekedar jalan-jalan santai. Seperti halnya Taman Kota Lumintang Denpasar. Taman Kota Lumintang ini merupakan kebanggaan warga Denpasar pada khususnya yang selalu ramai dikunjungi oleh semua kalangan masyarakat. Suasana Taman Kota Lumintang Denpasar kian semarak dengan adanya air mancur menari yang tepat berada di tengah kolam buatan. Air mancur menari inilah yang menjadi primadona warga tatkala datang ke Taman Kota Lumintang.,Tempat Rekreasi,Denpasar,Bali,0,4.5,"{'lat': -863.592,'lng': 115.213}",-863.5920,115.2130,taman lumintang denpasar tempat rekreasi sebuah taman di tengah kota bisa menjadi lokasi favorit warga untuk sekedar jalan-jalan santai. seperti halnya taman kota lumintang denpasar. taman kota lumintang ini merupakan kebanggaan warga denpasar pada khususnya yang selalu ramai dikunjungi oleh semua kalangan masyarakat. suasana taman kota lumintang denpasar kian semarak dengan adanya air mancur menari yang tepat berada di tengah kolam buatan. air mancur menari inilah yang menjadi primadona warga tatkala datang ke taman kota lumintang. denpasar,images/bali/image_32
33,Big Garden Corner,"Big Garden Corner Denpasar masuk dalam salah satu tempat wisata di Denpasar Bali terbaru, di buka pada bulan Juni 2016. Dengan di bukanya objek liburan Big Garden Corner Sanur, maka daftar objek wisata menarik di Denpasar semakin bertambah, walaupun jumlah tempat wisata Denpasar tidak sebanyak jumlah objek wisata di Bali bagian selatan. Objek wisata Big Garden Corner Sanur adalah sebuah galeri seni batu dan taman patung, namun nuansanya sangat berbeda dengan galeri patung yang lain. Daya tarik yang dapat Anda lihat adalah Patung Batu, Miniatur Candi Borobudur, Rumah Pohon Ukuran Kecil, Batang Pohon dengan Bentuk Menyilang, dan lainnya.",Tempat Rekreasi,Denpasar,Bali,75000,4.3,"{'lat': -865.675,'lng': 1.152.533}",-865.6750,1.152.533,"big garden corner tempat rekreasi big garden corner denpasar masuk dalam salah satu tempat wisata di denpasar bali terbaru, di buka pada bulan juni 2016. dengan di bukanya objek liburan big garden corner sanur, maka daftar objek wisata menarik di denpasar semakin bertambah, walaupun jumlah tempat wisata denpasar tidak sebanyak jumlah objek wisata di bali bagian selatan. objek wisata big garden corner sanur adalah sebuah galeri seni batu dan taman patung, namun nuansanya sangat berbeda dengan galeri patung yang lain. daya tarik yang dapat anda lihat adalah patung batu, miniatur candi borobudur, rumah pohon ukuran kecil, batang pohon dengan bentuk menyilang, dan lainnya. denpasar",images/bali/image_33
34,Taman Kumbasari,Taman Kumbasari merupakan sebuah taman yang terdapat di sebuah sungai yang bernama Tukad Badung. Penataan Taman Kumbasari dibuat sangat unik layaknya seperti sungai-sungai yang ada di dalam drama korea dengan berhiaskan lampu-lampu warna-warni. Maka tak heran jika masyarakat menjuluki Taman Kumbasari yang terdapat di Tukad Badung ini sebagai Tukad “Korea”.,Tempat Rekreasi,Denpasar,Bali,0,4.3,"{'lat': -865.632,'lng': 1.152.119}",-865.6320,1.152.119,taman kumbasari tempat rekreasi taman kumbasari merupakan sebuah taman yang terdapat di sebuah sungai yang bernama tukad badung. penataan taman kumbasari dibuat sangat unik layaknya seperti sungai-sungai yang ada di dalam drama korea dengan berhiaskan lampu-lampu warna-warni. maka tak heran jika masyarakat menjuluki taman kumbasari yang terdapat di tukad badung ini sebagai tukad “korea”. denpasar,images/bali/image_34
35,Ekowisata Subak Sembung Peguyangan,"Ekowisata Subak Sembung yang terdapat di Jl. Ahmad Yani, Desa Peguyangan Denpasar Utara tidak hanya sebagai tempat wisata untuk sekedar berkunjung saja. Namun tempat ekowisata ini juga dapat dijadikan sarana untuk menyegarkan tubuh dengan kata lain untuk berolahraga. Warga Desa Pegayangan memanfaatkan Subak Sembung sebagai tempat untuk berolahraga, di mana jalan beton selebar 2 meter sepanjang sekitar 1 km dapat dijadikan jogging track bagi yang ingin untuk berolahraga di pagi hari atau di sore hari. Hal ini banyak terlihat saat sore hari, di mana para warga Desa Peguyangan datang untuk berolahraga sambil menikmati pemandangan sawah yang hijau. Tidak hanya warga sekitar, penduduk di luar Desa Peguyangan juga dapat mengunjungi kawasan Ekowisata Subak Sembung Peguyangan, Denpasar Utara untuk mencari suasana baru dalam berekreasi.",Desa Wisata,Denpasar,Bali,0,4.5,"{'lat': -861.372,'lng': 115.214}",-861.3720,115.2140,"ekowisata subak sembung peguyangan desa wisata ekowisata subak sembung yang terdapat di jl. ahmad yani, desa peguyangan denpasar utara tidak hanya sebagai tempat wisata untuk sekedar berkunjung saja. namun tempat ekowisata ini juga dapat dijadikan sarana untuk menyegarkan tubuh dengan kata lain untuk berolahraga. warga desa pegayangan memanfaatkan subak sembung sebagai tempat untuk berolahraga, di mana jalan beton selebar 2 meter sepanjang sekitar 1 km dapat dijadikan jogging track bagi yang ingin untuk berolahraga di pagi hari atau di sore hari. hal ini banyak terlihat saat sore hari, di mana para warga desa peguyangan datang untuk berolahraga sambil menikmati pemandangan sawah yang hijau. tidak hanya warga sekitar, penduduk di luar desa peguyangan juga dapat mengunjungi kawasan ekowisata subak sembung peguyangan, denpasar utara untuk mencari suasana baru dalam berekreasi. denpasar",images/bali/image_35
36,Taman Gong Perdamaian Kertalangu,"Jika kita lihat lebih dekat Gong Perdamaian Dunia ini, maka akan terdapat banyak simbol dan tiap simbol memiliki makna tersendiri. Tepat ditengah-tengah lingkaran gong terdapat sebuah peta permukaan bumi, ini bermakna bahwa perdamaian harus terjadi di muka bumi ini. Lingkaran kedua terdapat lambang 10 agama besar di dunia. Lingkaran ketiga terdapat tulisan berbahasa inggris “World Peace Gong” dan berbahasa Indonesia “Gong Perdamaian Dunia”. Di antara tulisan berbahasa Ingris dan Indoensia terdapat sebuah bunga sebagai pemisah. Gambar bunga merupakan lambang keindahan, kebahagian serta perdamaian. Pada bagian lingkaran terluar terdapat gambar 202 bendera dari 202 negara. Gong Perdamaian Duna ini merupakan gong perdamaian terbesar di dunia dengan diameter gong mencapai 5 meter yang terbuat dari lima unsur logam, yaitu Emas, Perak, Perunggu, Besi, dan Timah. Kelima unsur logam ini dikenal dengan nama Panca Datu yang melambangkan lima benua. ",Tempat Rekreasi,Denpasar,Bali,0,4.3,"{'lat': -864.379,'lng': 1.152.567}",-864.3790,1.152.567,"taman gong perdamaian kertalangu tempat rekreasi jika kita lihat lebih dekat gong perdamaian dunia ini, maka akan terdapat banyak simbol dan tiap simbol memiliki makna tersendiri. tepat ditengah-tengah lingkaran gong terdapat sebuah peta permukaan bumi, ini bermakna bahwa perdamaian harus terjadi di muka bumi ini. lingkaran kedua terdapat lambang 10 agama besar di dunia. lingkaran ketiga terdapat tulisan berbahasa inggris “world peace gong” dan berbahasa indonesia “gong perdamaian dunia”. di antara tulisan berbahasa ingris dan indoensia terdapat sebuah bunga sebagai pemisah. gambar bunga merupakan lambang keindahan, kebahagian serta perdamaian. pada bagian lingkaran terluar terdapat gambar 202 bendera dari 202 negara. gong perdamaian duna ini merupakan gong perdamaian terbesar di dunia dengan diameter gong mencapai 5 meter yang terbuat dari lima unsur logam, yaitu emas, perak, perunggu, besi, dan timah. kelima unsur logam ini dikenal dengan nama panca datu yang melambangkan lima benua.  denpasar",images/bali/image_36
37,Pura Agung Jagatnatha,"Pada 5 Februari 1963, Gubernur Bali Anak Agung Bagus Sutedja setuju pembangunan pura tersebut yang secara resmi bernama Pura Agung Jagatnatha. Selanjutnya, pada 1 Januari 1965, panitia meminta kesediaan Anak Agung Ketut Anggara dari Banjar Belong, Denpasar, untuk membuatkan gambar bangunan sekaligus memimpin para undagi (ahli bangunan) untuk mengerjakan pembangunan pura tersebut. Pada 5 Februari 1963, Gubernur Bali Anak Agung Bagus Sutedja setuju pembangunan pura tersebut yang secara resmi bernama Pura Agung Jagatnatha. Selanjutnya, pada 1 Januari 1965, panitia meminta kesediaan Anak Agung Ketut Anggara dari Banjar Belong, Denpasar, untuk membuatkan gambar bangunan sekaligus memimpin para undagi (ahli bangunan) untuk mengerjakan pembangunan pura tersebut. Pada 5 Februari 1963, Gubernur Bali Anak Agung Bagus Sutedja setuju pembangunan pura tersebut yang secara resmi bernama Pura Agung Jagatnatha. Selanjutnya, pada 1 Januari 1965, panitia meminta kesediaan Anak Agung Ketut Anggara dari Banjar Belong, Denpasar, untuk membuatkan gambar bangunan sekaligus memimpin para undagi (ahli bangunan) untuk mengerjakan pembangunan pura tersebut. Pada 5 Februari 1963, Gubernur Bali Anak Agung Bagus Sutedja setuju pembangunan pura tersebut yang secara resmi bernama Pura Agung Jagatnatha. Selanjutnya, pada 1 Januari 1965, panitia meminta kesediaan Anak Agung Ketut Anggara dari Banjar Belong, Denpasar, untuk membuatkan gambar bangunan sekaligus memimpin para undagi (ahli bangunan) untuk mengerjakan pembangunan pura tersebut.",Tempat Ibadah,Denpasar,Bali,5000,4.7,"{'lat': -865.657,'lng': 1.152.188}",-865.6570,1.152.188,"pura agung jagatnatha tempat ibadah pada 5 februari 1963, gubernur bali anak agung bagus sutedja setuju pembangunan pura tersebut yang secara resmi bernama pura agung jagatnatha. selanjutnya, pada 1 januari 1965, panitia meminta kesediaan anak agung ketut anggara dari banjar belong, denpasar, untuk membuatkan gambar bangunan sekaligus memimpin para undagi (ahli bangunan) untuk mengerjakan pembangunan pura tersebut. pada 5 februari 1963, gubernur bali anak agung bagus sutedja setuju pembangunan pura tersebut yang secara resmi bernama pura agung jagatnatha. selanjutnya, pada 1 januari 1965, panitia meminta kesediaan anak agung ketut anggara dari banjar belong, denpasar, untuk membuatkan gambar bangunan sekaligus memimpin para undagi (ahli bangunan) untuk mengerjakan pembangunan pura tersebut. pada 5 februari 1963, gubernur bali anak agung bagus sutedja setuju pembangunan pura tersebut yang secara resmi bernama pura agung jagatnatha. selanjutnya, pada 1 januari 1965, panitia meminta kesediaan anak agung ketut anggara dari banjar belong, denpasar, untuk membuatkan gambar bangunan sekaligus memimpin para undagi (ahli bangunan) untuk mengerjakan pembangunan pura tersebut. pada 5 februari 1963, gubernur bali anak agung bagus sutedja setuju pembangunan pura tersebut yang secara resmi bernama pura agung jagatnatha. selanjutnya, pada 1 januari 1965, panitia meminta kesediaan anak agung ketut anggara dari banjar belong, denpasar, untuk membuatkan gambar bangunan sekaligus memimpin para undagi (ahli bangunan) untuk mengerjakan pembangunan pura tersebut. denpasar",images/bali/image_37
38,Patung Catur Muka,"Patung Catur Muka didirikan pada tahun 1973 oleh seorang seniman Bali yang kala itu cukup terkenal bernama I Gusti Nyoman Lempad yang berasal dari Desa Ubud. Patung ini terbuat dari batu granit yang memiliki ketinggian 9 meter. Posisinya sendiri menghadap ke empat penjuru mata angin yakni Timur, Barat, Selatan dan Utara. Patung Catur Muka yang berstana bunga padma (lotus) menunjukkan bahwa Brahma adalah asal mula dari kenyataan yang tidak terbatas. Padma melambangkan alam semesta dan kesucian.",Sejarah dan Budaya,Denpasar,Bali,0,4.7,"{'lat': -865.597,'lng': 1.152.169}",-865.5970,1.152.169,"patung catur muka sejarah dan budaya patung catur muka didirikan pada tahun 1973 oleh seorang seniman bali yang kala itu cukup terkenal bernama i gusti nyoman lempad yang berasal dari desa ubud. patung ini terbuat dari batu granit yang memiliki ketinggian 9 meter. posisinya sendiri menghadap ke empat penjuru mata angin yakni timur, barat, selatan dan utara. patung catur muka yang berstana bunga padma (lotus) menunjukkan bahwa brahma adalah asal mula dari kenyataan yang tidak terbatas. padma melambangkan alam semesta dan kesucian. denpasar",images/bali/image_38
39,Puri Agung Denpasar,Puri Agung Denpasar adalah sebuah keraton peninggalan raja-raja bali khususnya di daerah Bali selatan. Puri ini didirikan oleh I Gusti Ngurah Made Pemecutan sebagai Raja Denpasar Pertama  dan pembangunannya selesai pada tahun 1788 setelah sebelumnya beliau memindahkan pusat pemerintahan Kerajaan Badung dari Puri Jambe Kesatria. Selanjutnya pusat pemerintahan Kerajaan Badung berada di Puri Agung Denpasar sampai akhirnya Pasukan Belanda mengalahkan Kerajaan Badung melalui Perang Puputan Badung tahun 1906.,Sejarah dan Budaya,Denpasar,Bali,15000,4.7,"{'lat': -865.101,'lng': 1.152.175}",-865.1010,1.152.175,puri agung denpasar sejarah dan budaya puri agung denpasar adalah sebuah keraton peninggalan raja-raja bali khususnya di daerah bali selatan. puri ini didirikan oleh i gusti ngurah made pemecutan sebagai raja denpasar pertama  dan pembangunannya selesai pada tahun 1788 setelah sebelumnya beliau memindahkan pusat pemerintahan kerajaan badung dari puri jambe kesatria. selanjutnya pusat pemerintahan kerajaan badung berada di puri agung denpasar sampai akhirnya pasukan belanda mengalahkan kerajaan badung melalui perang puputan badung tahun 1906. denpasar,images/bali/image_39
40,Wisata Tukad Badung,"Tukad Badung adalah salah satu sungai yg melintasi Badung dan Denpasar. Konon Tukad Badung menjadi lintasan pasukan ekspedisi Belanda yg bergerak menuju Puri Pemecutan dari Denpasar pada peristiwa Puputan Badung 20 September 1906. Panjang Tukad Badung mulai dari hulu sampai hilir Â± 22 km. Tukad Badung berawal dari Kecamatan Abiansemal Kabupaten Badung, kurang lebih 12 km sebelah utara Kota Denpasar. Sungai tersebut mengalir ke arah selatan melewati Kota Denpasar dan bermuara di Teluk Benoa. Anak-anak sungai utamanya adalah Tukad Tagtag dan Tukad Pedih. Selain Pasar Badung dan Pasar Kumbasari yg letaknya di pinggir Tukad Badung, kini Pemerintah Kota Denpasar terus melakukan upaya meningkatkan kebersihan aliran sungai di kota dengan melakukan penataan dan revitalisasi. Selain Pasar Badung dan Pasar Kumbasari yg letaknya di pinggir Tukad Badung, kini Pemerintah Kota Denpasar terus melakukan upaya meningkatkan kebersihan aliran sungai di kota dengan melakukan penataan dan revitalisasi.",Tempat Rekreasi,Denpasar,Bali,0,4.9,"{'lat': -865.555,'lng': 1.152.123}",-865.5550,1.152.123,"wisata tukad badung tempat rekreasi tukad badung adalah salah satu sungai yg melintasi badung dan denpasar. konon tukad badung menjadi lintasan pasukan ekspedisi belanda yg bergerak menuju puri pemecutan dari denpasar pada peristiwa puputan badung 20 september 1906. panjang tukad badung mulai dari hulu sampai hilir â± 22 km. tukad badung berawal dari kecamatan abiansemal kabupaten badung, kurang lebih 12 km sebelah utara kota denpasar. sungai tersebut mengalir ke arah selatan melewati kota denpasar dan bermuara di teluk benoa. anak-anak sungai utamanya adalah tukad tagtag dan tukad pedih. selain pasar badung dan pasar kumbasari yg letaknya di pinggir tukad badung, kini pemerintah kota denpasar terus melakukan upaya meningkatkan kebersihan aliran sungai di kota dengan melakukan penataan dan revitalisasi. selain pasar badung dan pasar kumbasari yg letaknya di pinggir tukad badung, kini pemerintah kota denpasar terus melakukan upaya meningkatkan kebersihan aliran sungai di kota dengan melakukan penataan dan revitalisasi. denpasar",images/bali/image_40
41,Museum Bali,"Museum Bali terletak di pusat Kota Denpasar, tepatnya di Jalan Mayor Wisnu, di sebelah timur lapangan Puputan Badung dan di sebelah selatan Pura Jagatnatha. Museum ini merupakan museum tertua di Bali dan merupakan pemicu kehadiran museum-museum lainnya. Berdasarkan atas koleksinya, Museum Bali merupakan museum etnografi yang memiliki dan memamerkan benda-benda budaya dari zaman prasejarah sampai kini yang mencerminkan seluruh unsur kebudayaan Bali terdiri dari koleksi arkeologi, koleksi historika, koleksi seni rupa dan koleksi etnografika.",Sejarah dan Budaya,Denpasar,Bali,10000,4.4,"{'lat': -865.757,'lng': 1.152.186}",-865.7570,1.152.186,"museum bali sejarah dan budaya museum bali terletak di pusat kota denpasar, tepatnya di jalan mayor wisnu, di sebelah timur lapangan puputan badung dan di sebelah selatan pura jagatnatha. museum ini merupakan museum tertua di bali dan merupakan pemicu kehadiran museum-museum lainnya. berdasarkan atas koleksinya, museum bali merupakan museum etnografi yang memiliki dan memamerkan benda-benda budaya dari zaman prasejarah sampai kini yang mencerminkan seluruh unsur kebudayaan bali terdiri dari koleksi arkeologi, koleksi historika, koleksi seni rupa dan koleksi etnografika. denpasar",images/bali/image_41
42,Desa Budaya Kertalangu,"Desa Budaya Kertalangu merupakan desa budaya yang ada di Kota Denpasar Indonesia. Desa Budaya Kertalangu berada di Denpasar Timur Provinsi Bali. Desa ini merupakan salah satu ikon wisata budaya yang ada di Bali. Sebagai ikon wisata budaya, desa ini cukup banyak dikunjungi wisatawan domestik maupun mancanegara. Letaknya yang berada di jalan utama Denpasar yaitu di jalan By Pass Ngurah Rai juga membuat desa ini tidak sulit untuk ditemukan. Ketika memasuki Desa Budaya Kertalangu wisatawan akan disambut dengan sajian pemandangan alam yang tampak hijau dan alami berupa persawahan dan kebun-kebun hijau yang subur. Keistimewaan dari Desa Budaya Kertalangu ini adalah di dalam desa ini terdapat tugu perdamaian dunia. Tugu ini dibuat oleh negara-negara independen yang begitu mendukung adanya perdamaian di dunia. Di tugu ini juga terdapat 9 simbol agama yang ada di dunia.",Desa Wisata,Denpasar,Bali,10000,4.3,"{'lat': -864.224,'lng': 1.152.563}",-864.2240,1.152.563,"desa budaya kertalangu desa wisata desa budaya kertalangu merupakan desa budaya yang ada di kota denpasar indonesia. desa budaya kertalangu berada di denpasar timur provinsi bali. desa ini merupakan salah satu ikon wisata budaya yang ada di bali. sebagai ikon wisata budaya, desa ini cukup banyak dikunjungi wisatawan domestik maupun mancanegara. letaknya yang berada di jalan utama denpasar yaitu di jalan by pass ngurah rai juga membuat desa ini tidak sulit untuk ditemukan. ketika memasuki desa budaya kertalangu wisatawan akan disambut dengan sajian pemandangan alam yang tampak hijau dan alami berupa persawahan dan kebun-kebun hijau yang subur. keistimewaan dari desa budaya kertalangu ini adalah di dalam desa ini terdapat tugu perdamaian dunia. tugu ini dibuat oleh negara-negara independen yang begitu mendukung adanya perdamaian di dunia. di tugu ini juga terdapat 9 simbol agama yang ada di dunia. denpasar",images/bali/image_42
43,Bali Exotic Marine Park,"Bagi animal lovers khususnya pecinta Lumba-Lumba, Bali Exotic Marine Park adalah tempat yang wajib dikunjungi saat liburan bersama keluarga dan kerabat terdekat. Bali Exotic Marine Park juga merupakan lembaga konservasi hewan laut di Denpasar yang memberikan pengalaman interaksi langsung dengan Lumba-Lumba. Tidak hanya melihat Lumba-Lumba saja tetapi Anda dan keluarga Anda bisa melakukan aktivitas bermain, memberi makan dan foto bersama dengan Lumba-Lumba yang ada disana.",Tempat Rekreasi,Denpasar,Bali,220000,4.6,"{'lat': -872.387,'lng': 1.152.164}",-872.3870,1.152.164,"bali exotic marine park tempat rekreasi bagi animal lovers khususnya pecinta lumba-lumba, bali exotic marine park adalah tempat yang wajib dikunjungi saat liburan bersama keluarga dan kerabat terdekat. bali exotic marine park juga merupakan lembaga konservasi hewan laut di denpasar yang memberikan pengalaman interaksi langsung dengan lumba-lumba. tidak hanya melihat lumba-lumba saja tetapi anda dan keluarga anda bisa melakukan aktivitas bermain, memberi makan dan foto bersama dengan lumba-lumba yang ada disana. denpasar",images/bali/image_43
44,Pura Sakenan ᬧᬸᬭᬲᬓᬾᬦᬦ᭄᭟,"Pura Sakenan adalah salah satu pura penting yang terletak di wilayah selatan Bali, berada di atas pantai di barat laut Pulau Serangan, yaitu sebuah pulau kecil yang berjarak sekitar 10 kilometer di selatan Denpasar.[1] Pura ini masih memiliki hubungan dengan Buddha, yang melinggih Ida Bhatara Sakya Muni.[2] Sebagaimana dengan pura-pura lain, setiap pengunjung yang hendak masuk ke tempat suci Pura Sakenan wajib mengenakan sarung dan sabuk kain khas Bali serta bagi yang wanita tidak sedang dalam masa menstruasi.[",Tempat Ibadah,Denpasar,Bali,0,4.7,"{'lat': -872.525,'lng': 1.152.294}",-872.5250,1.152.294,"pura sakenan ᬧᬸᬭᬲᬓᬾᬦᬦ᭄᭟ tempat ibadah pura sakenan adalah salah satu pura penting yang terletak di wilayah selatan bali, berada di atas pantai di barat laut pulau serangan, yaitu sebuah pulau kecil yang berjarak sekitar 10 kilometer di selatan denpasar.[1] pura ini masih memiliki hubungan dengan buddha, yang melinggih ida bhatara sakya muni.[2] sebagaimana dengan pura-pura lain, setiap pengunjung yang hendak masuk ke tempat suci pura sakenan wajib mengenakan sarung dan sabuk kain khas bali serta bagi yang wanita tidak sedang dalam masa menstruasi.[ denpasar",images/bali/image_44
45,Puri Agung Kesiman,"Puri Kesiman merupakan satu kesatuan dengan Puri di Kabupaten Badung. Didirikan oleh I Gusti Ngurah Made Pemecutan setelah Puri Satria hancur pada tahun 1779. Setelah reruntuhan bangunan itu tak memungkinkan lagi untuk dibangun kembali, akhirnya diputuskan untuk memindahkan lokasi pembangunan ke Desa Kesiman Denpasar.",Sejarah dan Budaya,Denpasar,Bali,0,4.7,"{'lat': -864.806,'lng': 1.152.399}",-864.8060,1.152.399,"puri agung kesiman sejarah dan budaya puri kesiman merupakan satu kesatuan dengan puri di kabupaten badung. didirikan oleh i gusti ngurah made pemecutan setelah puri satria hancur pada tahun 1779. setelah reruntuhan bangunan itu tak memungkinkan lagi untuk dibangun kembali, akhirnya diputuskan untuk memindahkan lokasi pembangunan ke desa kesiman denpasar. denpasar",images/bali/image_45
46,Pasar Seni Kumbasari,"Pasar seni Kumbasari berada di tengah-tengah pusat keramaian Kota Denpasar tepatnya di Jalan Gajah Mada menjual aneka macam barang kerajinan dan barang oleh-oleh khas Bali. Lokasinya berseberangan dengan pasar Badung dipisahkan oleh sungai yang dinamakan Tukad Badung, sungai ini pada saat perang puputan Badung, sebagai jalur transportasi pasukan Belanda dalam melakukan invansinya, dan sekarang Tukad Badung ditata dengan baik dan menjadi destinasi wisata dan tempat rekreasi di tengah kota Denpasar. Aktivitas pasar yang 24 jam ini membuat kawasan ini selalu ramai, apalagi pada jam-jam sibuk, warga lebih cenderung memilih pasar ini karena merupakan pasar tradisional terlengkap dan terbesar di pulau Bali.",Perbelanjaan,Denpasar,Bali,0,4.4,"{'lat': -86.559,'lng': 1.152.118}",-86.5590,1.152.118,"pasar seni kumbasari perbelanjaan pasar seni kumbasari berada di tengah-tengah pusat keramaian kota denpasar tepatnya di jalan gajah mada menjual aneka macam barang kerajinan dan barang oleh-oleh khas bali. lokasinya berseberangan dengan pasar badung dipisahkan oleh sungai yang dinamakan tukad badung, sungai ini pada saat perang puputan badung, sebagai jalur transportasi pasukan belanda dalam melakukan invansinya, dan sekarang tukad badung ditata dengan baik dan menjadi destinasi wisata dan tempat rekreasi di tengah kota denpasar. aktivitas pasar yang 24 jam ini membuat kawasan ini selalu ramai, apalagi pada jam-jam sibuk, warga lebih cenderung memilih pasar ini karena merupakan pasar tradisional terlengkap dan terbesar di pulau bali. denpasar",images/bali/image_46